,,,,,,,,,,,,,
,,,,,,Fecha de Elaboración,,Versión,,,,,
,,,,,,feb-26,,V1,,,,,
,,,,,,,,,,,,,
,,,,,,,,,,,,,
,,,,,,,,,,,,,
,,,,,,,,,,,,,
,Actividad de Riesgo,,,,Evaluación del Riesgo Inherente,,,,Ambiente de Control,,,,
,Ámbito de Riesgo General,Descripción de la Actividad,Descripción de la Situación de Riesgo,Contingencias Asociadas,Frecuencia,Probabilidad,Impacto,Clasificación del Riesgo (Probabilidad x Impacto),Controles Existentes,Política y/o Procedimiento,Áreas Expuestas,Responsables de la actividad de riesgo,
,Relación con Funcionarios Públicos o Autoridades,Relación habitual con autoridades públicas en procesos de fiscalización.,"Trabajadores de la Compañía realizan gestiones ante autoridades  gubernamentales en nombre de la compañía, o cometen ilegalidades o actos contrarios a la probidad ante un proceso de fiscalización.","• Cohecho a funcionario público (Art. 250 y 251 CP).
• Cohecho a funcionario público en causa criminal (Art. 250 bis CP).
• Falsificación y uso de instrumento público (Art. 194 y 196 CP).
• Falsificación y uso de instrumento privado o instrumento privado mercantil falso (Art. 197 y 198 CP).
• Fraude por sustracción, ocultación, destrucción o inutilización de documento (Art. 470 N°5 CP).
• Ocultar información, proporcionar información falsa a la FNE (Art. 39 h) DL No. 211).
• Acompañar documentos falsos ante el Banco Central, maliciosamente (Art. 59 Ley N°18.840). 

 ",Anual,1,4,4,SI,• Código de Ética / • Protocolo de interacción con funcionarios públicos,"Gerencia General, Legal, Ventas / Comercial",Legal,Con respecto a tus comentarios. Mantenemos la frecuencia en anual por que existen tramites anuales ante instituciones públicas como las declaraciones SII etc. En relación a la creación de estos documentos efectivamente corresponden a Lux su redacción en la siguiente etapa.
,Relación con Funcionarios Públicos o Autoridades,Relación habitual con autoridades públicas.,"La Compañía y sus proveedores de servicios de seguridad incurren en actos contrarios a la ética y/o la ley, en el contexto de su relación habitual con Carabineros de Chile y/o PDI (e.g., la definición de una Directiva de Funcionamiento, investigaciones penales, etc.).","• Cohecho a funcionario público (Art. 250 y 251 CP).
• Cohecho a funcionario público en causa criminal (Art. 250 bis CP).
• Falsificación y uso de instrumento público (Art. 194 y 196 CP).
• Falsificación y uso de instrumento privado o instrumento privado mercantil falso (Art. 197 y 198 CP).",Ocasional,1,4,4,SI,• Código de Ética / • Protocolo de interacción con funcionarios públicos,"Gerencia General, Legal, Ventas / Comercial",Legal,
,Relación con Funcionarios Públicos o Autoridades,Relación habitual con autoridades públicas para obtención de permisos y autorizaciones.,"Proveedores de la Compañía u otros terceros realizan gestiones ante funcionarios públicos, en el contexto de obtención de permisos, autorizaciones, patentes u otros, cometiendo actos contrarios a la Ley y/o la ética.","• Cohecho a funcionario público (Art. 250 y 251 CP).
• Cohecho a funcionario público en causa criminal (Art. 250 bis CP).
• Falsificación y uso de instrumento público (Art. 194 y 196 CP).
• Falsificación y uso de instrumento privado o instrumento privado mercantil falso (Art. 197 y 198 CP).
",Ocasional,1,4,4,SI,• Código de Ética / • Protocolo de interacción con funcionarios públicos,"Gerencia General, Legal, Ventas / Comercial",Legal,
,Relación con Funcionarios Públicos o Autoridades,Importación de bienes.,"La Compañía entrega beneficios o ventajas indebidas a Funcionarios Públicos extranjeros, para facilitar la adquisición de bienes en el extranjero y su posterior transporte a Chile.","• Cohecho a funcionario público extranjero (Art. 251 bis CP).
• Contrabando (Art. 168 y 182 DL No. 30).
• Recepción indebida de devolución de gravámenes aduaneros (Art. 134 DL No. 30). ",Semestral,2,3,6,SI,• Código de Ética / • Protocolo de interacción con funcionarios públicos,"Gerencia General, Legal, Ventas / Comercial",Legal,
,Administración,Presentación de información a la Gerencia,"Reportar información falsa o incompleta a los integrantes de la Administración generándose como consecuencia de ello la aprobación y entrega de información falsa a la autoridad (e.g., informes elaborados por asesores legales, información contable o financiera).",• Falsedad de balances (Art. 100 CT).,Mensual,1,3,3,no,• Política de gestion de riesgos ,"Gerencia General, Legal, Ventas / Comercial",Legal / Finanzas,
,Administración,Toma de decisiones por Administración,"Adoptar decisiones por la Gerencia sin que se deje registro en actas, o dejando constancia en actas de observaciones distintas de las que se adoptaron.","• Administración desleal (Art. 470 No. 11 CP).
",Semestral,1,3,3,no,• Política de gestion de riesgos ,"Finanzas, Gerencia General, Legal",Gerencia General,
,Administración,Informar conflictos de interés.,"Gerencias participan en otros directorios de empresas con giros afines, sin revelar o transparentar tal situación.","• Administración desleal (Art. 470 No. 11 CP).
• Revelación de secreto comercial (Art. 284 bis CP).
• Aprovechamiento económico de secreto comercial (Art. 284 ter CP).
• Colusión (Art. 62 DL 211).
",Ocasional,1,3,3,no,• Política de Conflictos de Interés. ,"Finanzas, Gerencia General / Comercial ",Finanzas / Comercial ,
,Administración,Operaciones con partes relacionadas.,Celebrar operaciones con partes relacionadas sin dar cumplimiento a los procedimientos establecidos para ello; o mediando conflictos de interés no revelados.,"• Administración desleal (Art. 470 No. 11 CP).
• Corrupción entre particulares (Art. 287 bis y ter CP).
• Negociación incompatible (Art. 240 No. 1 CP). ",Ocasional,1,4,4,no,• Política de Conflictos de Interés. ,"Finanzas, Gerencia General",Gerencia General,
,"Relación con Proveedores, Contratistas u otros prestadores de servicios",Contratación de proveedores.,"Contratar proveedores, empresas contratistas o subcontratistas sin realizar un due diligence (e.g., para abordar potenciales conflictos de interés, la prevención de delitos y la revisión de documentación laboral relativa a sus trabajadores).","• Corrupción entre particulares (Art. 287 bis y 287 ter CP).
• Financiamiento del terrorismo (Art. 8 Ley No. 18.314).
• Financiamiento irregular de campañas políticas (Art. 30 Ley No. 19.884).
• Financiamiento de agrupaciones militarizadas ilegales (Art. 8 Ley No. 17.798).
• Promoción o financiamiento de la trata de personas (Art. 411 quáter CP).
• Explotación laboral (Art. 472 bis CP).
• Delitos asociados a cotizaciones previsionales (Art. 13, 13 bis Ley No. 17.322 y 19 DL 3.500).
• Riesgos generales relativos a la Ley No. 20.393.",Ocasional,2,4,8,no,"• Política de Compras y Contrataciones de Servicios.
• Política de Conflictos de Interés. ","Finanzas, Legal, Operaciones /  Ventas / Comercial",Legal,
,"Relación con Proveedores, Contratistas u otros prestadores de servicios","Compra, importación y fabricación por encargo de productos.","Compra, importación y fabricación por encargo de productos que no cumplen con estándares de calidad y seguridad (e.g., toxicidad de materiales o embalaje, instrucciones de armado, alertas de seguridad o uso, materiales inflamables, riesgo de asfixia, etc.).","• Daño ambiental doloso (Art. 308 CP).
• Daño ambiental negligente (Art. 309 CP).
• Cuasidelitos de lesiones y homicidio. (Art. 490, 491 y 492 CP). 
• Estafa (Art. 467, 468 y 473 CP). ",Semestral,1,4,4,no,"• Política de Compras y Contrataciones de Servicios.
• Procedimiento de Pago a Proveedores.","Finanzas, Legal, Operaciones / Ventas / Comercial",Legal,
,"Relación con Proveedores, Contratistas u otros prestadores de servicios",Pago a proveedores.,No contar con adecuados controles en la gestión de pagos a proveedores.,"• Lavado de activos (Art. 27 Ley No. 19.913).
• Apropiación indebida (Art. 470 N°1 CP).
• Cohecho a funcionario público (Art. 250 CP).
• Corrupción entre particulares (Art. 287 bis y 287 ter CP).
• Falsificación y uso de instrumento privado o instrumento privado mercantil falso (Art. 197 y 198 CP).
• Estafa (Art. 467, 468 y 473 CP).
• Riesgos generales de incumplimiento a la Ley No. 20.393.",Anual,2,4,8,no,"• Política de Compras y Contrataciones de Servicios.
• Procedimiento de Pago a Proveedores.
• Política de Ingreso de Boletas de Honorarios.","Finanzas, Legal, Operaciones /  Ventas / Comercial",Legal,"En relación a tu comentario sobre el flojo diario, dichos delitos se pueden dar con ocasión incluso de esta modalidad, por lo que la recomendación en mantener la frecuencia y los otros items en este rango como control eventual preventivo. "
,"Relación con Proveedores, Contratistas u otros prestadores de servicios",Trazabilidad en el transporte de productos.,"No contar con un sistema que permita mantener la trazabilidad de los productos que son transportados, lo que crea oportunidades para incorporar productos de procedencia ilícita.","• Receptación (Art. 456 bis A CP).
• Contrabando (Art. 168 y 182 DL No. 30).",Mensual,2,4,8,no,"• Política de Compras y Contrataciones de Servicios.
","Finanzas, Legal, Operaciones /  Ventas / Comercial",Legal,
,Relación con Clientes,Realización de due diligence a clientes.,Incorporar o realizar gestiones a clientes respecto de los cuales no se han realizado las revisiones o due diligence correspondientes. ,"• Corrupción entre particulares (Art. 287 bis y 287 ter CP).
• Lavado de Activos (Art. 27 Ley No. 19.913).
• Financiamiento del Terrorismo (Art 8 de la Ley N°18.314).
• Financiamiento de agrupaciones militarizadas ilegales (Art. 8  Ley No. 17.798).
• Financiamiento ilegal de partidos o campañas políticas (Art. 30 Ley No. 19.884).
• Préstamos a personas incapaces (Art. 283 CP).
• Fraude concursal previo a la liquidación (Art. 463 CP). ",Mensual,2,4,8,no,"• Política de Control y Gestión de Riesgos
• Manual de Procedimientos Internos para la Prevención de Delitos Ley 19.913 y 20.393. ","Gerencia General, Legal, Ventas / Comercial",Gerencia General,
,Relación con Clientes,Cobro a clientes por cargos y servicios.,Realizar cobros indebidos a clientes. ,"• Defraudación con pretexto de supuestas remuneraciones a empleados públicos (Art. 469 N°5 CP).
• Apropiación indebida (Art. 470 N°1 CP).
• Estafa (Art. 467, 468, 473 CP).
• Usura (Art. 472 CP). 
",Mensual,2,4,8,no,• Política de Control y Gestión de Riesgos,"Gerencia General, RRHH / Personas",Finanzas,
,Relación con Clientes,Suscripción de contratos. ,"Suscribir contratos con clientes incurriendo en estafas, fraude o mediante la falsificación de documentos. ","• Estafa (Art. 467, 468 y 473 CP). 
• Fraude por suscripción engañosa de documento (Art. 470 N°4 CP). 
• Fraude por sustracción, ocultación, destrucción o inutilización de documento (Art. 470 N°5 CP). 
• Falsificación y uso de instrumento privado e instrumento privado mercantil (Art. 197, 198 CP). 
• Contrato simulado (Art. 471 N°2 CP).",Mensual,1,4,4,No,,"Finanzas, Legal, Operaciones / Ventas / Comercial",Legal,
,Relación con Clientes,Manejo de fondos de clientes. ,"Personal de la Empresa desvía dineros de las cuentas de clientes, sin su conocimiento, o reciben pagos indebidos por parte de clientes. ","• Apropiación indebida (Art. 470 N° 1 CP).
• Falsificación informática (Art. 5 Ley No. 21.459).
• Fraude informático (Art. 7 Ley No. 21.459).
•  Abuso de Dispositivos (Art. 8 Ley No. 21.459).",Inusual,2,4,8,No,,"Legal, Operaciones / IT/ Ciberseguridad",Legal,
,Relación con Clientes,Proceso de cobranza.,Trabajadores de la compañía incurren en amenazas a clientes u otros terceros en el contexto de un proceso de cobranza. ,• Amenazas de delito y de mal que no constituye delito (Art. 296 y 297 CP).,Semanal,3,2,6,No,,"Finanzas, Legal, Operaciones / Ventas / Comercial",Legal / Finanzas,
,Relación con Clientes,Pago de deudas por Clientes.,"Recepcionar pago de deudas realizado por clientes con dinero en efectivo, sin que la Compañía tenga conocimiento del origen del dinero.",• Lavado de Activos (Art. 27 Ley No. 19.913).,Inusual,1,4,4,No,,Gerencia General,Gerencia General  / Finanzas,
,Relación con Competidores,Alteración de precios internos.,"Realizar acuerdos inter-área y en contravención a los lineamientos de la Empresa, que puedan afectar o incidir en los precios a los que los productos son ofrecidos a los consumidores.","• Colusión (Art. 62 DL No. 211).
• Alteración fraudulenta de precios y de precios de productos de primera necesidad (Art. 285 y 286 CP).",Inusual,1,5,5,Si,• Manual Política de Libre competencia. / • Código de ética,Gerencia General,Gerencia General / Comercial,
,Relación con Competidores,Acceso a información de la Competencia.,Acceder ilícitamente a información comercialmente sensible de la competencia a través de un tercero proveedor o cliente. ,"•  Acceso a secreto comercial por intromisión (Art. 284 CP).
• Aprovechamiento económico de un secreto comercial (Art. 284 ter CP).
• Colusión (Art. 62 DL No. 211).
• Alteración fraudulenta de precios y de precios de productos de primera necesidad (Art. 285 y 286 CP).
• Estafa (Art. 467, 468 y 473 CP).",Inusual,1,5,5,Si,• Manual Política de Libre competencia. / • Código de ética,"Legal, Operaciones /  TI / Ciberseguridad",CISO / Comercial,
,Relación con Competidores,Acuerdos con la competencia.,Realizar acuerdos con la competencia que puedan afectar o incidir en los precios ofrecidos al público.,"• Colusión (Art. 62 DL No. 211).
• Alteración fraudulenta de precios y de precios de productos de primera necesidad (Art. 285 y 286 CP).",Inusual,1,5,5,Si,• Manual Política de Libre competencia. / • Código de ética,Gerencia General,Gerencia General,
,Manejo de Fondos y Administración del Patrimonio,Rendición de gastos.,"Autorizar rendición de gastos sin respaldo de la licitud del bien o servicio contratado, con posible vinculación a actividades criminales.","• Financiamiento ilegal de partidos o campañas políticas (Art. 30 Ley 19.884).
• Financiamiento del Terrorismo (Art 8 de la Ley N°18.314).
• Financiamiento de agrupaciones militarizadas ilegales (Art. 8  Ley No. 17.798).
• Lavado de activos (Art. 27 Ley No. 19.913).
• Riesgos generales relacionados a los delitos de la Ley No. 20.393.",Ocasional,1,4,4,no,"• Política de rendición de gastos
• Política de Gastos por Viajes y Salidas a Terreno. 
","Gerencia General, Legal, Ventas / Comercial",Legal / Finanzas,
,Manejo de Fondos y Administración del Patrimonio,Obtención de financiamiento.,"Entregar información falsa para la obtención de créditos y/o realizar inversiones financieras ante instituciones no acreditadas o ubicadas en paraísos fiscales, o sin seguir los lineamientos establecidos por la empresa. ","• Lavado de activos (Art. 27 Ley No. 19.913).
• Financiamiento ilegal de partidos o campañas políticas (Art. 30 Ley 19.884).
• Financiamiento del Terrorismo (Art 8 de la Ley N°18.314).
• Financiamiento de agrupaciones militarizadas ilegales (Art. 8  Ley No. 17.798).
• Obtención de créditos proporcionando datos falsos o maliciosamente incompletos (Art. 160 DFL No. 3).",Anual,1,3,3,No,,"Legal, Operaciones /  TI / Ciberseguridad",Finanzas / Legal,
,Manejo de Fondos y Administración del Patrimonio,"Celebración de comodatos, arriendos u otros.","No restituir los activos que fueron dados en comodato, arriendo y/o consignación a la compañía.","• Apropiación indebida (Art. 470 N°1 CP).
• Administración desleal (Art. 470 N°11 CP).",Anual,1,3,3,No,,"Legal, Operaciones /  TI / Ciberseguridad",Finanzas / Legal,
,Manejo de Fondos y Administración del Patrimonio,Procesos de M&A.,Realizar procesos de M&A sin efectuar un due diligence previo. ,"• Cohecho a funcionario público (Art. 250 CP). 
• Corrupción entre particulares (Art. 287 bis y 287 ter CP). 
• Riesgos generales de incumplimiento a la Ley No. 20.393.",Inusual,1,3,3,No,,"Gerencia General, Legal, Ventas / Comercial",Legal,
,Manejo de Fondos y Administración del Patrimonio,Cobro de pólizas de seguro.,"Ejecutar pólizas de seguros con información falsa, incluyendo declarar incidentes falsos u omitir información relevante (e.g., pólizas por robo, incendio, accidente de colaboradores o clientes, etc.).",• Fraude al seguro (Art. 470 N°10 CP).,Anual,1,2,2,No,,"Gerencia General, RRHH / Personas",Legal / RRHH ,
,Manejo de Fondos y Administración del Patrimonio,Pago de deudas y obligaciones,"Disponer o distraer bienes, con el objeto de perjudicar acreedores y/o disminuir el patrimonio de la Empresa","• Riesgos generales en materia de delitos concursales (Arts. 463, 463 bis y 463 ter CP). ",Inusual,1,2,2,No,,"Finanzas, Gerencia General, Legal",Gerencia General,
,Gestión Tributaria,Importación de bienes.,"Trabajadores de la Compañía adquieren bienes que deben ser importados, sin pagar los tributos respectivos.",• Contrabando (Art. 168 DL No. 30).,Mensual,1,3,3,No,,"Finanzas, Gerencia General",Finanzas,
,Gestión Tributaria,Pago de patente y otros gravámenes.,"La Compañía no dan cumplimiento al pago de patentes, impuestos y otros gravámenes tributarios.","• Comercio ilegal (Art. 97 N°8 CT).
• Comercio o industria clandestino (Art. 97 N°9 CT). ",Mensual,1,3,3,no,• Procedimiento de pago de gravámenes,"Finanzas, Gerencia General",Finanzas,
,Gestión Tributaria,Emisión de documentos tributarios.,"No verificar la prestación de los servicios contratados, y emitir documentos tributarios de manera maliciosa (e.g., emisión maliciosa de boletas de honorarios ideológicamente falsas).","• Disminución engañosa del monto del impuesto (Art. 97 N°4 CT).
• Omisión maliciosa de declaraciones (Art. 97 N°5 CT).",Mensual,1,3,3,no,• Procedimiento de Ingreso de Boletas de Honorarios.,"Finanzas, Gerencia General",Finanzas,
,Gestión Tributaria,Entrega de información al SII. ,Entregar información falsa a la autoridad con el objeto de evitar el pago de impuestos o declarar y pagar montos menores por conceptos de impuestos. ,"• Disminución engañosa del monto del impuesto (Art. 97 N°4 CT).
• Omisión maliciosa de declaraciones (Art. 97 N°5 CT).
• Falsificación y uso de instrumento privado o instrumento privado mercantil falso (Art. 197 y 198 CP).
• Fraude por sustracción, ocultación, destrucción o inutilización de documento (Art. 470 N°5 CP).
• Obtención fraudulenta de prestaciones (Art. 470 N°8 CP).",Mensual,1,3,3,No,• Código de Ética / • Política de interacción con funcionarios públicos,"Gerencia General, Legal, Ventas / Comercial",Legal / Finanzas,
,Gestión Tributaria,Realización de donaciones.,Realizar donaciones a instituciones que se acogen a la Ley de Donaciones sin seguir los protocolos definidos por la ley y por la Compañía.,• Abuso de beneficios tributarios relativos a donaciones (Art. 97 N°24 CT).,Anual,1,2,2,no,• Política de Donaciones y Voluntariado Corporativo. ,"Finanzas, Gerencia General",Finanzas / Legal,
,Gestión Tributaria,Retención de impuestos.,"En su calidad de agente retenedor, la compañía retiene el impuesto de segunda categoría, impuesto adicional u otro, el cual no entera posteriormente. ","• Apropiación indebida (Art. 470 N° 1 CP).
• Disminución engañosa del monto del impuesto (Art. 97 N° 4 CT).
• Omisión maliciosa de declaraciones (Art. 97 N° 5 CT). ",Mensual,1,3,3,No,,"Finanzas, Gerencia General",Finanzas,
,Gestión Tributaria,Despacho de productos.,"Despacho de productos sin guía de despacho, o utilizando de forma maliciosa una guía de despacho emitida por la Compañía.","• Disminución engañosa del monto del impuesto (Art. 97 N°4 CT). 
• Omisión maliciosa de declaraciones (Art. 97 N°5 CT). 
• Falsificación y uso de instrumento privado o instrumento privado mercantil falso (Art. 197 y 198 CP). 
• Fraude por sustracción, ocultación, destrucción o inutilización de documento (Art. 470 N°5 CP). 
• Obtención fraudulenta de prestaciones (Art. 470 N°8 CP).",Inusual,2,3,6,no,• Procedimiento de despachos,"Finanzas, Gerencia General",Finanzas,
,Gestión Tributaria,Importación de productos. ,Trabajadores de la compañía entregan antecedentes falsos con el objeto de recibir la devolución de gravámenes aduaneros ya pagados. ,• Recepción indebida de devolución de gravámenes aduaneros (Art. 134 DL No. 30). ,Mensual,1,3,3,No,,"Finanzas, Gerencia General",Finanzas,
,"Donaciones, Regalos y otras dádivas",Recepción de beneficios / dádivas.,"Recibir ventajas indebidas, dádivas, invitaciones, regalos o dinero de proveedores, o socios comerciales con el fin de favorecer su contratación o la continuidad de las relaciones.",• Corrupción entre particulares (Art. 287 bis y 287 ter CP).,Ocasional,2,4,8,Sí,• Código de Ética. ,"Finanzas, Legal, Operaciones /  Ventas / Comercial",Legal,
,"Donaciones, Regalos y otras dádivas",Entrega de beneficios / dádivas a terceros.,"Entregar beneficios, dádivas, donaciones o aportes sin realizar una revisión previa del beneficiario (e.g., para identificar eventuales conflictos de interés, financiamiento de actividades ilícitas, entre otras).","• Cohecho a funcionario público (Art. 250 y 251 bis CP).
• Corrupción entre particulares (Art. 287 bis y 287 ter CP).
• Financiamiento ilegal de partidos o campañas políticas (Art. 30 Ley 19.884).
• Financiamiento del Terrorismo (Art 8 de la Ley N°18.314).
• Financiamiento de agrupaciones militarizadas ilegales (Art. 8  Ley No. 17.798).",Ocasional,2,4,8,no,"• Política de Donaciones
","Gerencia General, Legal, Ventas / Comercial",Legal,
,Contratación y Relaciones Laborales,Pago de remuneraciones y/o cotizaciones previsionales.,"Compañía contrata a colaboradores, a quienes se les da una remuneración inferior al mínimo legal, abusando de su situación o condición y/o no se les entera debidamente sus cotizaciones previsionales (e.g. extranjeros, menores de edad, personas en situación de discapacidad).","• Explotación laboral (Art. 472 bis CP).
• Delitos asociados a cotizaciones previsionales (Art. 13, 13 bis Ley No. 17.322 y 19 DL 3.500).",Mensual,2,3,6,no,• Procedimiento de pago,"Gerencia General, RRHH / Personas",RRHH,
,Contratación y Relaciones Laborales,Contratación de trabajadores.,"Contratación de colaboradores que pertenecieron a la competencia, a quienes se les obliga o compele a la revelación de secretos comerciales.","• Acceso a secreto comercial por intromisión (Art. 284 CP).
• Revelación de secreto comercial (Art. 284 bis CP).
• Aprovechamiento económico de secreto comercial (Art. 284 ter CP).",Mensual,1,3,3,no,• Política de Reclutamiento y Selección. ,"Legal, Operaciones / TI / Ciberseguridad",RRHH / Gerencia General,
,Contratación y Relaciones Laborales,Contratación de personal por terceros.,"Contratistas, subcontratistas u otros terceros con quienes la compañía tiene una relación comercial, contratan personal sin cumplir las normas legales o las directrices establecidas por la Compañía.","• Promoción o financiamiento de la trata de personas (Art. 411 quáter CP).
•  Explotación laboral (Art. 72 bis CP).",Anual,1,3,3,No,,"Finanzas, Legal, Operaciones /  Ventas / Comercial",Legal,
,Contratación y Relaciones Laborales,Contratación de trabajadores extranjeros.,"Contratar con nuevos trabajadores extranjeros, sin realizar un due diligence (e.g., no tiene sus documentos al día).",• Explotación laboral (Art. 472 bis CP).,Semestral,1,3,3,no,• Política de Reclutamiento y Selección. ,"Gerencia General, RRHH / Personas",RRHH,
,Salud y Seguridad Física de Personas,Implementación y cumplimiento de procesos y protocolos para el resguardo de la salud y vida de trabajadores y terceros.,"Trabajadores de la Compañía incumplen protocolos y procesos que tengan como resultado accidentes que causen un daño a la salud o incluso la vida de colaboradores o terceros externos (e.g. accidentes en tiendas, casa matriz, bodega).","• Cuasidelitos de lesiones y homicidio. (Art. 490, 491 y 492 CP). ",Diario,2,3,6,Sí,• Reglamento Interno de Orden. Higiene y Seguridad.,"Finanzas, Legal, Operaciones /  Ventas / Comercial",Legal / RRHH ,
,Salud y Seguridad Física de Personas,Salud física de los trabajadores. ,"No realizar mantenciones estructurales a las oficinas e instalaciones de la Compañía, afectando gravemente la salud de los trabajadores.","• Cuasidelitos de lesiones y homicidio. (Art. 490, 491 y 492 CP). ",Anual,2,3,6,no,"• Check Mantenimiento Mensual. 
• Mantenimientos anuales. 
• Labores de mantención. ",Gerencia General,Gerencia General / RRHH,
,Salud y Seguridad Física de Personas,"Uso, porte y tenencia de armas. ","Contratar proveedores o terceros por servicios de seguridad, sin verificar que estos den cumplimiento a la normativa vigente correspondiente al uso, porte y tenencia de armas.","• Porte, posesión y tenencia de armas y elementos reglamentados o permitidos (Art. 9 Ley No. 17.798).
• Porte o traslado de armas con infracción a la respectiva autorización (Art. 11 Ley No. 17.798).
• Posesión y tenencia de armas y elementos prohibidos (Art. 13 Ley No. 17.798).
• Utilización de armas y artefactos lesivos y disparo injustificado de arma de fuego (Art. 14-D Ley No.17.798).
• Cuasidelitos de lesiones y homicidio. (Art. 490, 491 y 492 CP). 
• Amenazas de delito y de mal que no constituye delito (Art. 296 y 297 CP).",Inusual,1,3,3,No,,"Finanzas, Legal, Operaciones / Ventas / Comercial",Legal,
,Salud y Seguridad Física de Personas,Porte y uso de armas en el ámbito laboral.,Trabajadores de la Compañía violan las normas sobre la tenencia y uso de armas en el contexto laboral.,"• Porte, posesión y tenencia de armas y elementos reglamentados o permitidos (Art. 9 Ley No. 17.798).
• Porte o traslado de armas con infracción a la respectiva autorización (Art. 11 Ley No. 17.798).
• Posesión y tenencia de armas y elementos prohibidos (Art. 13 Ley No. 17.798).
• Porte de armas y elementos prohibidos (Art. 14 Ley 17.798).
• Utilización de armas y artefactos lesivos y disparo injustificado de arma de fuego (Art. 14-D Ley No. 17.798).",Inusual,1,3,3,Sí,• Reglamento Interno de Orden. Higiene y Seguridad.,"Gerencia General, RRHH / Personas",RRHH,
,Salud y Seguridad Física de Personas,Seguridad de Transportistas.,"No regular y/o supervigilar condiciones de conducción de los transportistas (e.g., que los transportistas cumplan con horarios máximos de conducción, testeos aleatorios de consumo de alcohol y drogas, etc.).","• Cuasidelitos de lesiones y homicidio. (Art. 490, 491 y 492 CP). 
• Daños calificados (Art. 485 N° 6 y 7, y 486 CP). 
• Daño a monumento nacional (Art. 38 Ley 17.288).",Semanal,2,3,6,no,Política de Seguro para vehículos,Gerencia General,Gerencia General,
,Salud y Seguridad Física de Personas,Criterios de actuación de guardias de seguridad.,"No establecer criterios de actuación en caso de comisión de delitos flagrantes en tienda, que resulta en el uso desmedido de violencia por parte de los guardias de seguridad de la Empresa","• Cuasidelitos de lesiones y homicidio. (Art. 490, 491 y 492 CP). 
• Porte, posesión y tenencia de armas y elementos reglamentados o permitidos (Art. 9 Ley No. 17.798).
• Porte o traslado de armas con infracción a la respectiva autorización (Art. 11 Ley No. 17.798).
• Posesión y tenencia de armas y elementos prohibidos (Art. 13 Ley No. 17.798).
• Porte de armas y elementos prohibidos (Art. 14 Ley 17.798).
• Utilización de armas y artefactos lesivos y disparo injustificado de arma de fuego (Art. 14-D Ley No. 17.798).",Inusual,1,3,3,No,,Gerencia General,Gerencia General,"En relación a tu comentario señalar que el criterio insual se utiliza cuando no aplica al giro, pero dado que la matriz de riesgos debe contemplar todos los posibles delitos aplicables y con ello una matriz organica integral dejamos todos los delitos y solo morigeramos el criterio con la determinacion de la frecuencia como inusual."
,Uso de Sistemas,Envío masivo de correos.,"La Compañía envía masivamente correos a clientes en contravención a los lineamientos de la compañía, es decir, sin verificar la sanidad de los links o del contenido adjunto. ","• Ataque a la integridad de un sistema informático (Art 4. Ley No 21.459).
• Fraude Informático (Art 7. Ley No 21.459).
",Semanal,4,3,12,no,Política de uso de dispositivos electrónicos y datos personales.,"Legal, Operaciones /  TI / Ciberseguridad",CISO,
,Uso de Sistemas,Baja de credenciales de accesos.,No dar de baja en tiempo y forma a las credenciales de los trabajadores desvinculados en concordancia con los lineamientos establecidos por la Compañía. ,"• Acceso Ilícito (Art. 2 Ley No. 21.459).
• Ataque a la integridad de los datos formático  (Art. 4 Ley No 21.459).
• Receptación de datos informáticos (Art. 6 Ley No 21.459).",Mensual,2,2,4,no,Política de uso de dispositivos electrónicos y datos personales.,"Legal, Operaciones /  TI / Ciberseguridad",CISO,
,Uso de Sistemas,Ingreso a la Dark Web o Deep Web para monitoreo de la Empresa,Acceder ilícitamente a sistemas informáticos de terceros para recopilar información sobre la Compañía. ,• Acceso Ilícito (Art. 2 Ley No. 21.459).,Inusual,1,2,2,no,Política de uso de dispositivos electrónicos y datos personales.,"Legal, Operaciones /  TI / Ciberseguridad",CISO,
,Uso de Sistemas,Acceso a correos de trabajadores.,Acceder a los correos de los trabajadores en contravención a los lineamientos de la Empresa y de la normativa vigente. ,"• Acceso Ilícito (Art. 2 Ley No. 21.459).
• Interceptación ilícita (Art. 3 Ley No 21.459).",Anual,2,2,4,no,Política de uso de dispositivos electrónicos y datos personales.,"Legal, Operaciones /  TI / Ciberseguridad",CISO,
,Uso de Sistemas,"Uso, adquisición  y gestión de bases de datos.","Almacenamiento, adquisición o gestión de datos obtenidos de manera ilícita.",• Receptación de datos informáticos (Art. 6 Ley No. 21.459).,Mensual,2,3,6,no,Política de uso de dispositivos electrónicos y datos personales.,"Legal, Operaciones /  TI / Ciberseguridad",CISO / Legal,
,Uso de Sistemas,Uso de firma electrónica.,Falta de protocolos o lineamientos para el uso adecuado de la firma electrónica y otros medios tecnológicos para la verificación de identidad de una persona.,"• Fraude por suscripción engañosa de documentos (Art. 470 N°4 CP).
• Falsificación informática (Art. 5 de la Ley No. 21.459).",Semanal,4,5,20,no,Política de uso de dispositivos electrónicos y datos personales.,"Legal, Operaciones /  TI / Ciberseguridad",CISO,
,Uso de Equipos y Dispositivos,Uso de dispositivos.,"Tolerar, a sabiendas, que colaboradores de la compañía utilicen máquinas para clonar tarjetas de pago; o distribuidores le entregan tales dispositivos a sus colaboradores para defraudar a clientes.","• Abuso de los dispositivos (Art. 8 Ley No. 21.459).
• Fraude a través de tarjetas de pago (Art. 468 CP).
• Uso malicioso de tarjeta ajena (Art. 7 f) y h) Ley No. 20.009).",Inusual,1,3,3,no,Política de uso de dispositivos electrónicos y datos personales.,"Gerencia General, RRHH / Personas",RRHH,
,Asuntos referidos a la Propiedad Intelectual e Industrial,Uso de marcas.,"Comercializar productos falsificados, es decir, artículos que lleven puesta sin autorización una marca de fábrica o de comercio idéntica a la marca válidamente registrada para tales mercancías, o que no pueda distinguirse en sus aspectos esenciales de esa marca. ","• Piratería (Art. 81 Ley 17.336).
• Falsificación de marca registrada y explotación comercial de esta. (Art. 28 bis (Ley N°19.039).",Mensuall,4,5,20,No,Trabaja con proveedor fabricación directo ,Gerencia General,Gerencia General,"En este caso podemos cambiar la frecuencia a mensual, recordar que el producto no solo se refiere a algo fisico, un software es un producto, y la ultilización de alguna marca comercial de forma digital también cae en esta categoria. Nuevamente el criterio no es dejar delitos fuera de la matriz sino señalar que se aplican o no conforme a su frecuencia. "
,Asuntos referidos a la Propiedad Intelectual e Industrial,"Compra, importación y fabricación por encargo de productos.","Compra, importación y fabricación por encargo de productos utilizando diseños, marcas, modelos, dibujos imágenes u otros registros de terceros, sin contar con los respectivos derechos.","• Falsificación de obra (Art. 79 bis Ley 17.336).
• Piratería (Art. 81 Ley 17.336).
• Explotación sin derecho de marca y simulación (Art. 28 Ley 19.039).
• Falsificación de marca registrada y explotación comercial de esta (Art. 28 bis Ley 19.039).
• Explotación sin derecho de producto, objeto, procedimiento o invento patentado (Art. 52  Ley 19.039).
• Explotación sin derecho de modelo de utilidad registrado (Art. 61 Ley 19.039).
• Explotación sin derecho de dibujo o diseño registrado (Art. 67 Ley 19.039).
• Uso indebido de indicación geográfica (Art. 105 Ley 19.039).
• Contrabando (Art. 168 y 182 DL No. 30).",Semanal,4,5,20,No,Trabaja con proveedor fabricación directo ,"Finanzas, Legal, Operaciones /  Ventas / Comercial",Legal,
,Asuntos referidos a la Propiedad Intelectual e Industrial,Uso de imágenes en campañas publicitarias o en canales digitales.,"Utilizar imágenes de terceros en Campañas de Marketing o Canales Digitales,  sin contar con la licencia o derecho para ello o en contravención a los lineamientos de la Compañía. (e.g. no utilizar banco de imágenes).","• Publicación, reproducción, adaptación, distribución al público obras de dominio ajeno o de dominio público (Art. 79 y 80 Ley 17.336).
",Mensual,1,4,4,No,,"Gerencia General, Legal, Ventas / Comercial",Legal,
,Asuntos Ambientales,Retiro de residuos (Ley REP).,"Disposición final de residuos, y/o contratación de proveedores para la disposición final de estos.","• Daño ambiental doloso (Art. 308 CP).
• Daño ambiental negligente (Art. 309 CP).
• Manejo de residuos peligrosos (Art. 44 de la Ley No. 20.920).
• Falsificación y uso de instrumento privado e instrumento privado mercantil (Art. 197 y 198 CP).",Mensual,1,3,3,No,,"Finanzas, Legal, Operaciones / Ventas / Comercial",Legal,
,Asuntos Ambientales,Contratación de proveedores.,"Contratar proveedores de transporte, disposición de residuos u otro similar, sin verificar que este de cumplimiento a la normativa de protección al medioambiente.",• Riesgo generales en materia de delitos medioambientales. ,Ocasional,1,2,2,No,,"Finanzas, Legal, Operaciones /  Ventas / Comercial",Legal,
,Asuntos propios del giro ,Fiscalizaciones realizadas por autoridades públicas. ,"Impedir u obstaculizar las facultades fiscalizadoras de la Fiscalía Nacional Económica, la Comisión del Mercado Financiero o otra institución pública. ","• Ocultar información, proporcionar información falsa a la FNE (Art. 39 h) DL No. 211).
• Incumplimiento de las obligaciones establecidas para el correcto desempeño del Mercado de Valores (Art. 62 Ley N°18.045). 
• Obstaculizar o impedir el ejercicio de las facultades fiscalizadoras de la CMF (Art. 35 DL N°3.538). 
• Eludir la fiscalización de la CMF (Art. 2 DFL No. 3).
• Alterar o desfigurar datos o antecedentes para dificultar, desviar o eludir una fiscalización (Art. 158 DFL No. 3).",Inusual,1,4,4,No,Política de Libre competencia y código de ética ,"Gerencia General, Legal, Ventas / Comercial",Legal,
,Asuntos propios del giro,Fe pública.,"Falsificar letras de crédito o hacer circular letras de crédito entregadas por clientes, sabiendo que se trata de documentos falsificados. ","• Falsificación de letras de crédito (Art. 110 DFL No. 3). 
• Estafa (Art. 467, 468 y 473 CP).",Inusual,1,2,2,No,,Gerencia General,Gerencia General / Legal,
,Asuntos propios del giro,Uso exclusivo de marca.,"Alteración de precio de productos por tener representación exclusiva de los mismos.

 ",• Alteración fraudulenta de precios y de precios de productos de primera necesidad (Art. 285 y 286 CP).,Inusual,1,3,3,No,,Gerencia General,Gerencia General,
,Mecanismos de Autorregulación,Capacitaciones y difusión de mecanismos de control.,No realizar capacitaciones o difusión de los mecanismos de control que se han dispuesto por la Compañía para la prevención de riesgos legales.,• Riesgos generales de incumplimiento a la Ley No. 20.393.,Anual,2,4,8,no,• Manual de Procedimientos Internos para la Prevención de Delitos Ley 19.913 y 20.393. ,Gerencia General,Gerencia General / Legal,
,Mecanismos de Autorregulación,Definición de roles y responsabilidades.,"Falta de una estructura organizacional formalmente responsable de actividades de prevención, detección y respuesta, y de mantener efectivamente el MPD implementado.",• Riesgos generales de incumplimiento a la Ley No. 20.393.,Anual,2,3,6,no,• Manual de Procedimientos Internos para la Prevención de Delitos Ley 19.913 y 20.393. ,Gerencia General,Gerencia General,
,Mecanismos de Autorregulación,Recepción e investigación de denuncias.,No contar con un canal de denuncias para alertar tempranamente hechos que puedan constituir infracciones a la autorregulación o a la ley; y/o no dar cumplimiento al procedimiento establecido para su investigación.,• Riesgos generales de incumplimiento a la Ley No. 20.393.,Mensual,4,5,20,no,• Manual de Procedimientos Internos para la Prevención de Delitos Ley 19.913 y 20.393. ,Gerencia General,Gerencia General / Legal,
,Mecanismos de Autorregulación,Reportes en materia de Cumplimiento a la Administración,"Presentar reportes en materia de Cumplimiento adulterados u omitiendo información a sabiendas o por negligencia, lo que resulta en una apreciación incorrecta del cumplimiento de la Compañía por parte del Directorio o el Comité.",• Riesgos generales de incumplimiento a la Ley No. 20.393.,Semestral ,2,1,2,no,• Manual de Procedimientos Internos para la Prevención de Delitos Ley 19.913 y 20.393. / • Glosas y cláusulas con terceros,"Finanzas, Gerencia General, Legal",Gerencia General,
,Mecanismos de Autorregulación,Suscripción de contratos. ,"No incorporar cláusulas relativas a la prevención de delitos en contratos con trabajadores, proveedores, contratistas y terceros, ni en órdenes de compra.",• Riesgos generales de incumplimiento a la Ley No. 20.393. ,Mensual,2,2,4,no,• Manual de Procedimientos Internos para la Prevención de Delitos Ley 19.913 y 20.393. ,"Finanzas, Legal, Operaciones / Ventas / Comercial",Legal,
,Mecanismos de Autorregulación,Plan de respuesta ante incidentes. ,No contar ni reforzar un plan de respuesta ante incidentes de ciberseguridad. ,• Riesgos generales de incumplimiento a la Ley No. 20.393.,Semestral,1,1,1,No,,"Legal, Operaciones /  TI / Ciberseguridad",CISO,
,Mecanismos de Autorregulación,Realización de procedimientos de auditoría interna y externa. ,"No realizar procesos de auditoría interna o externa, sea de procesos o recursos financieros; o no dar respuesta a las brechas identificadas en tales procesos.",• Riesgos generales de incumplimiento a la Ley No. 20.393.,Semestral,3,2,6,no,• Manual de Procedimientos Internos para la Prevención de Delitos Ley 19.913 y 20.393. ,Gerencia General,Gerencia General / Legal,